route_id,route2,type2,veh_size,carrier,routetype,feature,lim_up,lim_down,buslane,capacity,lot
305,1,bus,БК,ПАТ,город,,,,,60,pat
1062,1,trolley,БК,ГЭТ,город,,,минимум,,60,get_tb
1338,2,bus,ОБК/БК,ПАТ,город,,,,,80,pat
1904,2,trolley,ТУАХ,ГЭТ,город,,нет ТУАХ ОБК,,,60,get_tb
1329,3,bus,ОБК/БК,ПАТ,город,,,,,80,pat
3646,3,tram,ЛМ/ЛВС,ГЭТ,город,,,,,110,get_tm
1068,3,trolley,БК,ГЭТ,город,,,,,60,get_tb
2093,4,bus,БК,"ООО ""Вест-Сервис""",город,,частник,,,60,7
1067,4,trolley,БК,ГЭТ,город,,,минимум,,60,get_tb
1545,5,bus,БК,"ООО ""Вест-Сервис""",город,,частник,,,60,6
1064,5,trolley,БК,ГЭТ,город,,,,,60,get_tb
306,6,bus,БК,ПАТ,город,,,,,60,pat
1105,6,tram,ЛМ/ЛВС,ГЭТ,город,,,,,110,get_tm
1063,6,trolley,БК,ГЭТ,город,,,,,60,get_tb
345,7,bus,ОБК/БК,ПАТ,город,,,,,80,pat
1106,7,tram,ЛМ,ГЭТ,город,доп,,минимум,,90,get_tm
1065,7,trolley,БК,ГЭТ,город,,,минимум,,60,get_tb
346,8,bus,ОБК/БК,ПАТ,город,,,,,80,pat
1109,8,tram,Штадлер,ТКК,город,,максимум,минимум,есть,180,tkk
1066,8,trolley,БК,ГЭТ,город,,,минимум,,60,get_tb
307,9,bus,БК,ПАТ,город,,,,,60,pat
1107,9,tram,ЛВС,ГЭТ,город,,максимум,,,140,get_tm
1069,9,trolley,БК,ГЭТ,город,,,минимум,,60,get_tb
1669,10,bus,БК,"АО ""Третий парк""",город,,частник,,,60,3
1108,10,tram,ЛМ/ЛВС,ГЭТ,город,,,,,110,get_tm
1072,10,trolley,БК,ГЭТ,город,,,,,60,get_tb
1306,11,bus,ОБК/БК,ПАТ,город,,,,,80,pat
1070,11,trolley,БК,ГЭТ,город,,,,,60,get_tb
385,12,bus,ОБК/БК,ПАТ,город,,,,,80,pat
1292,13,bus,ОБК/БК,ПАТ,город,,,,,80,pat
1071,13,trolley,БК,ГЭТ,город,,,,,60,get_tb
1670,14,bus,БК,"АО ""Третий парк""",город,,частник,,,60,3
1073,14,trolley,БК,ГЭТ,город,,,,,60,get_tb
228,15,bus,СК,ПАТ,город,,,минимум,,40,pat
1074,15,trolley,БК,ГЭТ,город,,,минимум,,60,get_tb
1601,16,bus,БК,"ООО ""Домтрансавто""",город,,частник,,,60,10
1110,16,tram,ЛМ,ГЭТ,город,,,минимум,,90,get_tm
1075,16,trolley,БК,ГЭТ,город,,,минимум,,60,get_tb
1481,17,bus,СК,"ООО ""Домтрансавто""",город,пром,,минимум,,40,4
1076,17,trolley,ТУАХ,ГЭТ,город,,нет ТУАХ ОБК,минимум,,60,get_tb
1671,18,bus,БК,"ООО ""Вест-Сервис""",город,,частник,,,60,5
1112,18,tram,ЛВС,ГЭТ,город,,максимум,,,140,get_tm
1077,18,trolley,ТУАХ,ГЭТ,город,,нет ТУАХ ОБК,,,60,get_tb
1111,19,tram,ЛМ,ГЭТ,город,,,минимум,,90,get_tm
1265,20,bus,БК,ПАТ,ГП,,,,,60,pat
1113,20,tram,ЛВС,ГЭТ,город,,максимум,,,140,get_tm
1078,20,trolley,БК/ОБК,ГЭТ,город,,,,,70,get_tb
347,21,bus,СК,"АО ""Третий парк""",город,,,минимум,,40,2
1117,21,tram,ЛМ/ЛВС,ГЭТ,город,,,,,110,get_tm
1079,21,trolley,БК,ГЭТ,город,,,минимум,,60,get_tb
225,22,bus,ОБК/БК,ПАТ,город,,,,,80,pat
1080,22,trolley,БК,ГЭТ,город,,,,,60,get_tb
365,23,bus,СК,"ООО ""Вест-Сервис""",ГП,,,минимум,,40,9
1114,23,tram,ЛМ/ЛВС,ГЭТ,город,,,,,110,get_tm
1081,23,trolley,ТУАХ,ГЭТ,город,,нет ТУАХ ОБК,,,60,get_tb
229,24,bus,ОБК/БК,ПАТ,город,,,,,80,pat
1115,24,tram,ЛМ,ГЭТ,город,,,минимум,,90,get_tm
1082,24,trolley,БК,ГЭТ,город,,,,,60,get_tb
1673,25,bus,БК,"АО ""Третий парк""",город,,частник,,,60,3
1116,25,tram,ЛВС,ГЭТ,город,,максимум,,,140,get_tm
1083,25,trolley,БК,ГЭТ,город,,,,,60,get_tb
1674,26,bus,ОБК/БК,ПАТ,город,,,,,80,pat
1084,26,trolley,БК,ГЭТ,город,,,,,60,get_tb
230,27,bus,ОБК/БК,ПАТ,город,,,,,80,pat
1118,27,tram,ЛВС,ГЭТ,город,,максимум,,,140,get_tm
1085,27,trolley,БК,ГЭТ,город,,,минимум,,60,get_tb
1675,28,bus,БК,"ООО ""Вест-Сервис""",город,,частник,,,60,9
1086,28,trolley,БК,ГЭТ,город,,,минимум,,60,get_tb
367,29,bus,МК,"ООО ""Такси""",город,,,минимум,,20,19
1119,29,tram,ЛМ,ГЭТ,город,,,минимум,,90,get_tm
1088,29,trolley,БК,ГЭТ,город,,,,,60,get_tb
231,30,bus,БК,"ООО ""Вест-Сервис""",город,,частник,,,60,9
1121,30,tram,ЛВС,ГЭТ,город,,,,,140,get_temp
1347,31,bus,БК,ПАТ,город,,,,,60,pat
1087,31,trolley,БК/ОБК,ГЭТ,город,,,,,70,get_tb
4537,32,trolley,ТУАХ,ГЭТ,город,,нет ТУАХ ОБК,,,60,get_tb
232,33,bus,БК,ПАТ,город,,,,,60,pat
1089,33,trolley,БК,ГЭТ,город,,,минимум,,60,get_tb
1279,34,bus,БК,"ООО ""Вест-Сервис""",город,,частник,,,60,8
1090,34,trolley,БК,ГЭТ,город,,,минимум,,60,get_tb
1678,35,bus,БК,"ООО ""Вест-Сервис""",город,пром,частник,1 машина,,60,6
1091,35,trolley,БК,ГЭТ,город,,,,,60,get_tb
366,36,bus,БК,"ООО ""Домтрансавто""",город,,частник,,,60,10
1123,36,tram,ЛВС,ГЭТ,город,,максимум,,,140,get_tm
1095,36,trolley,БК,ГЭТ,город,,,минимум,,60,get_tb
1679,37,bus,БК,"ООО ""Вест-Сервис""",город,,частник,,,60,9
1092,37,trolley,БК/ОБК,ГЭТ,город,доп,,,,70,get_tb
1809,38,bus,СК,"АО ""Третий парк""",город,,,минимум,,40,3
1124,38,tram,ЛМ/ЛВС,ГЭТ,город,,,,,110,get_tm
1093,38,trolley,БК,ГЭТ,город,,,,,60,get_tb
1316,39,bus,ОБК,ПАТ,город,,максимум,,,90,pat
4235,39,tram,ЛМ/ЛВС,ГЭТ,город,,,,есть,110,get_tm
1094,39,trolley,БК,ГЭТ,город,,,,,60,get_tb
325,40,bus,БК,ПАТ,город,,,,,60,pat
1122,40,tram,ЛМ/ЛВС,ГЭТ,город,,,,,110,get_tm
1096,40,trolley,БК,ГЭТ,город,,,,,60,get_tb
1564,41,bus,СК,"ООО ""Такси""",город,,,минимум,,40,11
1137,41,tram,ЛМ,ГЭТ,город,,,минимум,,90,get_tm
1097,41,trolley,ТУАХ,ГЭТ,город,,нет ТУАХ ОБК,,,60,get_tb
1565,42,bus,СК,"ООО ""Такси""",город,,,минимум,,40,11
1682,43,bus,БК,"ООО ""Вест-Сервис""",город,,частник,,,60,6
1132,43,tram,ЛМ,ГЭТ,город,,,минимум,,90,get_tm
1099,43,trolley,ТУАХ,ГЭТ,город,,нет ТУАХ ОБК,,,60,get_tb
5581,44,trolley,БК,ГЭТ,город,,,минимум,,60,get_tb
1680,45,bus,БК,"АО ""Третий парк""",город,,частник,,,60,3
1135,45,tram,ЛМ/ЛВС,ГЭТ,город,,,,,110,get_tm
1103,45,trolley,БК/ОБК,ГЭТ,город,,,,,70,get_tb
1504,46,bus,БК,ПАТ,город,,,,,60,pat
1100,46,trolley,ТУАХ,ГЭТ,город,,нет ТУАХ ОБК,,,60,get_tb
1566,47,bus,СК,"ООО ""Такси""",город,,,минимум,,40,18
1120,47,tram,ЛВС,ГЭТ,город,доп,максимум,,есть,140,get_tm
1104,47,trolley,ТУАХ,ГЭТ,город,,нет ТУАХ ОБК,минимум,,60,get_tb
369,48,bus,СК,"ООО ""Вест-Сервис""",город,,,минимум,,40,8
1131,48,tram,ЛВС,ГЭТ,город,,максимум,,,140,get_tm
1102,48,trolley,БК,ГЭТ,город,,,,,60,get_tb
1278,49,bus,БК,ПАТ,город,,,,,60,pat
1133,49,tram,ЛВС,ГЭТ,город,,максимум,,,140,get_tm
1255,50,bus,ОБК/БК,ПАТ,город,,,,,80,pat
1101,50,trolley,БК,ГЭТ,город,,,,,60,get_tb
1134,51,tram,ЛМ,ГЭТ,город,,,минимум,есть,90,get_tm
4455,52,bus,СК,"ООО ""Вест-Сервис""",город,,габарит,минимум,,40,6
1136,52,tram,ЛВС,ГЭТ,город,,максимум,,есть,140,get_tm
1692,53,bus,БК,"ООО ""Домтрансавто""",город,,частник,,,60,10
1734,54,bus,БК,ПАТ,город,,,,,60,pat
2435,55,bus,БК,"ООО ""Вест-Сервис""",город,,частник,,,60,9
1138,55,tram,ЛВС,ГЭТ,город,,максимум,,,140,get_tm
1303,56,bus,ОБК/БК,ПАТ,город,,,,,80,pat
1139,56,tram,ЛВС,ГЭТ,город,доп,максимум,,есть,140,get_tm
1602,57,bus,СК,"ООО ""Домтрансавто""",город,,,минимум,,40,10
1126,57,tram,ЛМ,ГЭТ,город,,,минимум,,90,get_tm
371,58,bus,БК,"ООО ""Вест-Сервис""",город,пром,частник,,,60,9
1142,58,tram,ЛМ,ГЭТ,город,,,минимум,есть,90,get_tm
1736,59,bus,БК,ПАТ,город,,,,,60,pat
1141,59,tram,Штадлер,ТКК,город,,максимум,минимум,есть,180,tkk
1548,60,bus,БК,"АО ""Третий парк""",город,,частник,,,60,2
1140,60,tram,ЛВС,ГЭТ,город,,максимум,,есть,140,get_tm
1550,61,bus,БК,ПАТ,город,,,,,60,pat
1143,61,tram,ЛМ,ГЭТ,город,,,минимум,,90,get_tm
1693,62,bus,БК,"ООО ""Домтрансавто""",город,,частник,,,60,4
1127,62,tram,ЛМ/ЛВС,ГЭТ,город,,,,есть,110,get_tm
1694,63,bus,БК,"ООО ""Домтрансавто""",город,,частник,,,60,10
6687,63,tram,Штадлер,ТКК,город,,максимум,минимум,есть,180,tkk
1738,64,bus,БК,"ООО ""Домтрансавто""",город,,частник,,,60,10
1130,64,tram,Штадлер,ТКК,город,,максимум,минимум,есть,180,tkk
370,65,bus,БК,ПАТ,город,,,,,60,pat
1129,65,tram,ЛМ/ЛВС,ГЭТ,город,,,,,110,get_tm
1261,66,bus,СК,"ООО ""Вест-Сервис""",город,,габарит,минимум,,40,5
1695,67,bus,СК,"ООО ""Вест-Сервис""",город,,габарит,минимум,,40,6
1721,68,bus,БК,"ООО ""Домтрансавто""",город,,частник,,,60,4
338,69,bus,БК,"АО ""Третий парк""",город,,частник,,,60,2
1258,70,bus,СК,"ООО ""Вест-Сервис""",город,,габарит,минимум,,40,6
1253,71,bus,СК,"ООО ""Вест-Сервис""",город,,габарит,минимум,,40,6
1256,72,bus,БК,"ООО ""Домтрансавто""",город,,частник,,,60,10
1581,73,bus,БК,"ООО ""Домтрансавто""",город,,частник,,,60,4
364,74,bus,ОБК/БК,ПАТ,город,,,,,80,pat
1743,75,bus,СК,"АО ""Третий парк""",ГП,,,минимум,,40,2
1740,76,bus,БК,ПАТ,город,,,,,60,pat
233,77,bus,БК,ПАТ,город,,,,,60,pat
1380,78,bus,СК,"АО ""Третий парк""",город,,,минимум,,40,2
1737,79,bus,БК,"АО ""Третий парк""",город,,частник,,,60,3
1180,80,bus,БК,ПАТ,город,,,,,60,pat
1621,81,bus,БК,ПАТ,ГП,,,,,60,pat
1480,83,bus,БК,"ООО ""Вест-Сервис""",город,,частник,,,60,5
1744,84,bus,СК,"АО ""Третий парк""",пригород,,,минимум,,40,2
324,85,bus,БК,"АО ""Третий парк""",город,,частник,,,60,3
332,86,bus,ОБК/БК,ПАТ,город,,,,,80,pat
1582,87,bus,БК,ПАТ,город,,,,,60,pat
1756,88,bus,БК,"ООО ""Вест-Сервис""",город,,частник,,,60,6
1757,89,bus,БК,"ООО ""Вест-Сервис""",город,,частник,,,60,6
1247,90,bus,БК,ПАТ,ГП,кладб,,,,60,pat
1747,91,bus,БК,ПАТ,город,,,,,60,pat
386,92,bus,БК,ПАТ,город,,,,,60,pat
337,93,bus,ОБК/БК,ПАТ,город,,,,,80,pat
1749,94,bus,БК,"ООО ""Домтрансавто""",город,,частник,,,60,4
1250,95,bus,БК,"ООО ""Домтрансавто""",город,,частник,,,60,10
1697,96,bus,БК,"ООО ""Домтрансавто""",город,,частник,,,60,10
1698,97,bus,БК,"ООО ""Вест-Сервис""",город,,частник,,,60,8
1482,98,bus,БК,"ООО ""Домтрансавто""",город,,частник,,,60,4
1750,99,bus,БК,"АО ""Третий парк""",ГП,,частник,,,60,2
446,100,bus,БК,ПАТ,город,,,,,60,pat
1128,100,tram,ЛМ/ЛВС,ГЭТ,город,,,,есть,110,get_tm
1440,101,bus,БК,"АО ""Третий парк""",ГП,Кронштадт,частник,,,60,1
234,102,bus,ОБК/БК,ПАТ,город,,,,,80,pat
221,103,bus,СК,"ООО ""Вест-Сервис""",ГП,Петергоф,,минимум,,40,5
1460,104,bus,БК,"АО ""Третий парк""",ГП,,частник,,,60,2
1761,105,bus,БК,"ООО ""Вест-Сервис""",город,,частник,,,60,9
235,106,bus,ОБК/БК,ПАТ,город,,,,,80,pat
236,107,bus,ОБК/БК,ПАТ,город,,,,,80,pat
1562,108,bus,БК,"ООО ""Домтрансавто""",ГП,пром,частник,,,60,4
1763,109,bus,БК,"АО ""Третий парк""",ГП,,частник,,,60,2
1500,111,bus,БК,"ООО ""Вест-Сервис""",город,,частник,,,60,6
1800,112,bus,СК,"АО ""Третий парк""",ГП,,габарит,минимум,,40,3
304,113,bus,СК,"ООО ""Такси""",город,пром,,минимум,,40,16
1245,114,bus,ОБК/БК,ПАТ,город,,,,,80,pat
1318,115,bus,БК,ПАТ,ГП,доп,КАП,,,60,pat
1314,116,bus,БК,"ООО ""Домтрансавто""",город,,частник,,,60,10
1853,117,bus,БК,"ООО ""Вест-Сервис""",город,,частник,,,60,8
388,118,bus,ОБК/БК,ПАТ,город,,,,,80,pat
368,119,bus,БК,"ООО ""Вест-Сервис""",город,,частник,,,60,9
1742,120,bus,СК,"АО ""Третий парк""",ГП,,габарит,минимум,,40,15
1801,121,bus,БК,"АО ""Третий парк""",город,,частник,,,60,2
1802,122,bus,БК,"АО ""Третий парк""",город,,частник,,,60,3
237,123,bus,ОБК/БК,ПАТ,город,,,,,80,pat
1803,124,bus,БК,"ООО ""Вест-Сервис""",город,,частник,,,60,9
2092,125,bus,БК,"АО ""Третий парк""",город,,частник,,,60,3
2313,126,bus,БК,"АО ""Третий парк""",город,,частник,,,60,3
331,127,bus,ОБК,ПАТ,город,,максимум,,,90,pat
1600,128,bus,БК,ПАТ,город,,,,,60,pat
1289,129,bus,СК,"ООО ""Вест-Сервис""",пригород,,,минимум,,40,5
1288,130,bus,ОБК/БК,ПАТ,город,,,,,80,pat
1804,131,bus,СК,"ООО ""Вест-Сервис""",город,пром,,минимум,,40,9
238,132,bus,БК,ПАТ,город,,,,,60,pat
239,133,bus,ОБК/БК,ПАТ,город,,,,,80,pat
7915,134,bus,БК,ПАТ,город,,,,,60,pat
3427,135,bus,БК,"АО ""Третий парк""",город,,частник,,,60,3
224,136,bus,СК,ПАТ,город,,,минимум,,40,pat
226,137,bus,БК,ПАТ,город,,,,,60,pat
223,138,bus,БК,"ООО ""Вест-Сервис""",город,кладб,частник,,,60,9
1549,139,bus,БК,"АО ""Третий парк""",город,пром,частник,,,60,2
384,140,bus,БК,ПАТ,город,,,,,60,pat
1860,141,bus,БК,ПАТ,город,,,,,60,pat
1326,142,bus,ОБК/БК,ПАТ,город,,,,,80,pat
335,143,bus,БК,ПАТ,город,,,,,60,pat
1767,144,bus,СК,"ООО ""Вест-Сервис""",пригород,,,минимум,,40,6
1331,145,bus,ОБК/БК,ПАТ,ГП,КрСело,,,,80,pat
1770,146,bus,СК,"ООО ""Вест-Сервис""",пригород,,,минимум,,40,6
1771,147,bus,БК,"ООО ""Домтрансавто""",ГП,КрСело,частник,,,60,4
2556,148,bus,БК,"АО ""Третий парк""",ГП,,частник,,,60,2
1774,149,bus,СК,"ООО ""Домтрансавто""",пригород,,,минимум,,40,20
1820,150,bus,БК,"ООО ""Домтрансавто""",ГП,,частник,,,60,4
1685,151,bus,СК,"ООО ""Домтрансавто""",город,,габарит,минимум,,40,12
1686,152,bus,СК,"ООО ""Домтрансавто""",город,,габарит,минимум,,40,12
240,153,bus,ОБК/БК,ПАТ,город,,,,,80,pat
1808,155,bus,БК,"ООО ""Домтрансавто""",ГП,,частник,,,60,4
1301,157,bus,БК,ПАТ,город,,,,,60,pat
2032,158,bus,БК,ПАТ,город,пром,,,,60,pat
1620,159,bus,БК,"ООО ""Домтрансавто""",город,,частник,,,60,10
2094,160,bus,БК,"ООО ""Домтрансавто""",город,,частник,,,60,4
1603,161,bus,БК,ПАТ,город,,,,,60,pat
1327,162,bus,БК,"ООО ""Домтрансавто""",ГП,Петергоф,частник,,,60,4
1754,163,bus,БК,"ООО ""Вест-Сервис""",ГП,пром,частник,,,60,6
1580,164,bus,БК,"ООО ""Вест-Сервис""",город,,частник,,,60,9
1323,165,bus,ОБК/БК,ПАТ,ГП,,,,,80,pat
1810,166,bus,БК,"АО ""Третий парк""",город,,частник,,,60,3
1727,167,bus,БК,"АО ""Третий парк""",ГП,,частник,,,60,2
2535,169,bus,БК,"ООО ""Вест-Сервис""",город,,частник,,,60,9
2132,170,bus,БК,"АО ""Третий парк""",город,,частник,,,60,3
328,171,bus,ОБК/БК,ПАТ,город,,,,,80,pat
334,172,bus,ОБК/БК,ПАТ,город,,,,,80,pat
1741,173,bus,СК,"АО ""Третий парк""",ГП,,,минимум,,40,2
241,174,bus,БК,"ООО ""Вест-Сервис""",город,,частник,,,60,9
2173,175,bus,БК,"АО ""Третий парк""",пригород,,частник,,,60,1
1501,176,bus,БК,"ООО ""Вест-Сервис""",город,,частник,,,60,9
264,177,bus,БК,"ООО ""Домтрансавто""",город,,частник,,,60,4
336,178,bus,ОБК/БК,ПАТ,город,,,,,80,pat
1688,179,bus,БК,"ООО ""Вест-Сервис""",ГП,Пушкин,частник,,,60,8
3219,180,bus,ОБК/БК,ПАТ,город,,,,,80,pat
1689,181,bus,ОБК/БК,ПАТ,город,,,,,80,pat
2475,182,bus,БК,"АО ""Третий парк""",город,,частник,,,60,3
2112,183,bus,БК,"ООО ""Вест-Сервис""",город,,частник,,,60,9
3667,184,bus,ОБК/БК,ПАТ,город,,,,,80,pat
2133,185,bus,БК,"ООО ""Вест-Сервис""",город,,частник,,,60,9
1324,186,bus,БК,ПАТ,ГП,Пушкин,КАП,,,60,pat
1246,187,bus,БК,ПАТ,ГП,Пушкин,КАП,,,60,pat
1690,188,bus,БК,"ООО ""Вест-Сервис""",пригород,,частник,,,60,8
1547,189,bus,БК,"ООО ""Вест-Сервис""",ГП,,частник,,,60,7
1251,190,bus,БК,ПАТ,город,,КАП,,,60,pat
1699,191,bus,БК,"ООО ""Вест-Сервис""",город,,частник,,,60,9
1691,192,bus,БК,"ООО ""Вест-Сервис""",ГП,Колпино,частник,,,60,7
3812,193,bus,БК,"ООО ""Вест-Сервис""",город,,частник,,,60,9
4055,194,bus,БК,"АО ""Третий парк""",ГП,пром,частник,,,60,3
1293,195,bus,БК,ПАТ,ГП,кладб,,,,60,pat
1300,196,bus,БК,ПАТ,ГП,Колпино,КАП,,,60,pat
3810,197,bus,СК,"ООО ""Домтрансавто""",ГП,Пушкин,,минимум,,40,10
4195,198,bus,БК,ПАТ,город,,,,,60,pat
3832,199,bus,СК,"АО ""Третий парк""",город,,,минимум,,40,2
1294,200,bus,ОБК/БК,ПАТ,ГП,Петергоф,,,,80,pat
5482,201,bus,СК,"ООО ""Вест-Сервис""",ГП,Петергоф,,минимум,,40,5
5343,202,bus,БК,"АО ""Третий парк""",город,,частник,,,60,3
7630,203,bus,БК,ПАТ,город,,,,,60,bonus
7629,205,bus,СК,"ООО ""Вест-Сервис""",город,,,минимум,,40,6
8227,206,bus,СК,"ООО ""Вест-Сервис""",город,,,минимум,,40,9
6426,207,bus,СК,"АО ""Третий парк""",ГП,Кронштадт,,минимум,,40,1
7406,208,bus,СК,"АО ""Третий парк""",город,,,минимум,,40,3
1266,210,bus,ОБК/БК,ПАТ,ГП,Петергоф,,,,80,pat
1841,211,bus,БК,"АО ""Третий парк""",ГП,Сестрорецк,частник,,,60,1
1834,213,bus,БК,"АО ""Третий парк""",пригород,,частник,,,60,1
1811,215,bus,БК,"АО ""Третий парк""",пригород,,частник,,,60,1
1812,216,bus,БК,"АО ""Третий парк""",ГП,Сестрорецк,частник,,,60,1
4159,217,bus,СК,"ООО ""Такси""",город,,,минимум,,40,17
6430,219,bus,БК,"АО ""Третий парк""",город,,частник,,,60,1
7634,220,bus,СК,"ООО ""Такси""",город,,,минимум,,40,19
8652,221,bus,БК,ПАТ,город,,,,,60,bonus
7518,222,bus,СК,"ООО ""Домтрансавто""",город,,,минимум,,40,4
6427,223,bus,БК,"АО ""Третий парк""",город,,частник,,,60,3
7517,225,bus,БК,"ООО ""Домтрансавто""",город,,частник,,,60,10
7379,226,bus,БК,"ООО ""Домтрансавто""",город,,частник,,,60,10
7641,227,bus,БК,"АО ""Третий парк""",город,,частник,,,60,3
7381,228,bus,БК,ПАТ,город,,,,,60,bonus
1281,229,bus,БК,"ООО ""Вест-Сервис""",город,,частник,,,60,5
7642,230,bus,БК,"АО ""Третий парк""",город,,частник,,,60,2
8230,231,bus,СК,"ООО ""Домтрансавто""",город,,,минимум,,40,10
8228,232,bus,БК,"ООО ""Домтрансавто""",ГП,Пушкин,частник,,,60,10
7380,233,bus,БК,"ООО ""Вест-Сервис""",город,мега,частник,,,60,7
7819,234,bus,СК,"АО ""Третий парк""",город,,,минимум,,40,2
6429,235,bus,СК,"АО ""Третий парк""",город,,,минимум,,40,3
8249,236,bus,СК,"ООО ""Вест-Сервис""",пригород,,,минимум,,40,8
7526,237,bus,БК,"АО ""Третий парк""",город,,частник,,,60,3
7666,239,bus,БК,"ООО ""Вест-Сервис""",город,,частник,,,60,9
7382,240,bus,БК,"АО ""Третий парк""",город,,частник,,,60,2
7686,241,bus,БК,"ООО ""Вест-Сервис""",город,,частник,,,60,5
7646,242,bus,БК,"ООО ""Вест-Сервис""",город,,частник,,,60,5
7376,243,bus,БК,"ООО ""Вест-Сервис""",город,,частник,,,60,6
7378,244,bus,СК,"ООО ""Домтрансавто""",город,,,минимум,,40,10
7648,245,bus,СК,"ООО ""Вест-Сервис""",ГП,КрСело,,минимум,,40,6
7627,246,bus,БК,"ООО ""Вест-Сервис""",город,,частник,,,60,6
7372,247,bus,БК,"ООО ""Вест-Сервис""",ГП,мега,частник,,,60,9
7371,248,bus,БК,"АО ""Третий парк""",город,мега,частник,,,60,2
7509,249,bus,БК,"ООО ""Домтрансавто""",город,,частник,,,60,4
7510,250,bus,СК,"АО ""Третий парк""",город,,,минимум,,40,2
7511,251,bus,СК,"АО ""Третий парк""",город,,,минимум,,40,2
7426,252,bus,СК,"ООО ""Домтрансавто""",ГП,Пушкин,,минимум,,40,4
7516,253,bus,БК,"ООО ""Домтрансавто""",город,,частник,,,60,10
7486,254,bus,СК,"ООО ""Вест-Сервис""",ГП,Пушкин,габарит,минимум,,40,8
7948,256,bus,СК,"ООО ""Домтрансавто""",город,,,минимум,,40,10
3076,258,bus,БК,"АО ""Третий парк""",город,,частник,,,60,3
7366,259,bus,СК,"АО ""Третий парк""",ГП,,,минимум,,40,2
7653,260,bus,СК,"ООО ""Вест-Сервис""",город,,,минимум,,40,6
7640,261,bus,СК,"ООО ""Такси""",город,,габарит,минимум,,40,14
7639,262,bus,СК,"ООО ""Такси""",город,,,минимум,,40,13
8509,263,bus,БК,"АО ""Третий парк""",город,,частник,,,60,bonus
8267,264,bus,БК,"АО ""Третий парк""",город,,частник,,,60,2
7637,265,bus,СК,"ООО ""Вест-Сервис""",город,,,минимум,,40,6
7466,267,bus,БК,"АО ""Третий парк""",город,,частник,,,60,3
7626,269,bus,СК,"ООО ""Вест-Сервис""",город,,,минимум,,40,5
8407,270,bus,СК,"ООО ""Домтрансавто""",город,,,минимум,,40,4
7506,271,bus,БК,"ООО ""Вест-Сервис""",город,,частник,,,60,9
7512,272,bus,СК,"ООО ""Домтрансавто""",город,,,минимум,,40,4
1700,273,bus,БК,"ООО ""Вест-Сервис""",пригород,,частник,,,60,8
7373,275,bus,БК,"АО ""Третий парк""",город,,частник,,,60,2
1793,278,bus,СК,"ООО ""Вест-Сервис""",пригород,,,минимум,,40,5
6428,279,bus,БК,"АО ""Третий парк""",город,,частник,,,60,2
8229,281,bus,СК,"ООО ""Домтрансавто""",город,,,минимум,,40,10
7367,282,bus,СК,"ООО ""Домтрансавто""",город,,,минимум,,40,10
7513,283,bus,СК,"АО ""Третий парк""",город,,,минимум,,40,2
7638,284,bus,СК,"ООО ""Вест-Сервис""",город,,,минимум,,40,6
8431,285,bus,СК,"АО ""Третий парк""",город,,габарит,минимум,,40,2
7377,286,bus,БК,"ООО ""Домтрансавто""",город,,частник,,,60,10
6706,288,bus,БК,"ООО ""Домтрансавто""",город,,частник,,,60,10
7636,290,bus,БК,"ООО ""Вест-Сервис""",город,,частник,,,60,5
8287,293,bus,СК,"АО ""Третий парк""",город,,,минимум,,40,3
7514,294,bus,БК,"АО ""Третий парк""",город,,частник,,,60,3
7515,295,bus,БК,"ООО ""Вест-Сервис""",город,,частник,,,60,9
7650,297,bus,СК,"ООО ""Вест-Сервис""",город,,,минимум,,40,6
7375,299,bus,СК,"ООО ""Вест-Сервис""",ГП,Пушкин,,минимум,,40,8
3155,300,bus,ОБК/БК,ПАТ,город,,,,,80,pat
3239,301,bus,БК,"ООО ""Домтрансавто""",ГП,КрСело,частник,,,60,4
3608,302,bus,СК,"АО ""Третий парк""",пригород,,,минимум,,40,1
3609,303,bus,СК,"АО ""Третий парк""",ГП,Сестрорецк,,минимум,,40,1
3626,304,bus,СК,"АО ""Третий парк""",пригород,,,минимум,,40,1
1833,305,bus,БК,"АО ""Третий парк""",пригород,,частник,,,60,1
1821,306,bus,СК,"АО ""Третий парк""",пригород,,,минимум,,40,1
1828,307,bus,СК,"АО ""Третий парк""",пригород,,,минимум,,40,1
1829,309,bus,СК,"АО ""Третий парк""",пригород,,,минимум,,40,1
1823,310,bus,СК,"АО ""Третий парк""",пригород,,,минимум,,40,1
1824,311,bus,СК,"АО ""Третий парк""",пригород,,,минимум,,40,1
1830,312,bus,СК,"АО ""Третий парк""",пригород,,,минимум,,40,1
1832,315,bus,БК,"АО ""Третий парк""",пригород,,частник,,,60,1
1813,318,bus,МК,"АО ""Третий парк""",пригород,,,минимум,,20,1
1814,319,bus,МК,"АО ""Третий парк""",пригород,,,минимум,,20,1
5221,320,bus,МК,"АО ""Третий парк""",пригород,,,минимум,,20,1
1842,321,bus,СК,"АО ""Третий парк""",пригород,,,минимум,,40,1
1843,322,bus,СК,"АО ""Третий парк""",пригород,,,минимум,,40,1
7519,324,bus,БК,"ООО ""Вест-Сервис""",ГП,Колпино,частник,,,60,8
1701,325,bus,БК,"ООО ""Вест-Сервис""",пригород,,частник,,,60,8
1291,326,bus,БК,ПАТ,ГП,Колпино,КАП,,,60,pat
1360,327,bus,БК,ПАТ,ГП,Колпино,КАП,,,60,pat
4056,328,bus,БК,ПАТ,ГП,Колпино,КАП,,,60,pat
5322,329,bus,СК,"ООО ""Вест-Сервис""",ГП,Петергоф,,минимум,,40,6
6686,330,bus,БК,"ООО ""Вест-Сервис""",ГП,Колпино,частник,,,60,7
1540,331,bus,БК,"ООО ""Вест-Сервис""",пригород,,частник,1 машина,,60,7
1702,332,bus,СК,"ООО ""Вест-Сервис""",пригород,,,минимум,,40,7
7649,333,bus,СК,"ООО ""Вест-Сервис""",город,,,минимум,,40,6
1541,335,bus,БК,"ООО ""Вест-Сервис""",пригород,,частник,,,60,7
1703,336,bus,СК,"ООО ""Вест-Сервис""",пригород,,,минимум,,40,7
1704,337,bus,БК,"ООО ""Вест-Сервис""",пригород,,частник,,,60,7
6606,339,bus,СК,"ООО ""Вест-Сервис""",пригород,,,минимум,,40,8
8248,342,bus,СК,"ООО ""Вест-Сервис""",ГП,Пушкин,,минимум,,40,8
7652,345,bus,СК,"ООО ""Вест-Сервис""",ГП,,габарит,минимум,,40,6
1751,347,bus,СК,"ООО ""Вест-Сервис""",пригород,кладб,,минимум,,40,5
1724,348,bus,СК,"ООО ""Вест-Сервис""",пригород,,,минимум,,40,5
1745,349,bus,СК,"ООО ""Вест-Сервис""",пригород,,масса,минимум,,40,5
1788,350,bus,БК,"ООО ""Вест-Сервис""",пригород,,частник,1 машина,,60,5
1746,352,bus,СК,"ООО ""Вест-Сервис""",пригород,,,минимум,,40,5
1789,353,bus,СК,"ООО ""Вест-Сервис""",пригород,,,минимум,,40,5
1790,354,bus,СК,"ООО ""Вест-Сервис""",пригород,,,минимум,,40,5
1296,355,bus,СК,"ООО ""Вест-Сервис""",пригород,,,минимум,,40,5
1298,356,bus,БК,ПАТ,пригород,,,,,60,pat
1242,358,bus,БК,"ООО ""Вест-Сервис""",пригород,,частник,1 машина,,60,5
1302,359,bus,БК,ПАТ,пригород,,,,,60,pat
1806,360,bus,СК,"ООО ""Вест-Сервис""",пригород,,,минимум,,40,5
1708,364,bus,БК,"ООО ""Вест-Сервис""",пригород,,частник,,,60,7
1709,366,bus,БК,"ООО ""Вест-Сервис""",пригород,,частник,,,60,7
1710,367,bus,БК,"ООО ""Вест-Сервис""",пригород,,частник,,,60,7
1711,368,bus,БК,"ООО ""Вест-Сервис""",пригород,,частник,,,60,7
1712,369,bus,БК,"ООО ""Вест-Сервис""",пригород,,частник,,,60,7
1713,370,bus,СК,"ООО ""Вест-Сервис""",пригород,,,минимум,,40,8
1714,371,bus,МК,"ООО ""Вест-Сервис""",пригород,,,минимум,,20,8
1715,373,bus,СК,"ООО ""Вест-Сервис""",пригород,,,минимум,,40,8
1244,374,bus,БК,"ООО ""Вест-Сервис""",пригород,,частник,,,60,7
3790,375,bus,БК,ПАТ,пригород,,КАП,,,60,pat
1880,376,bus,СК,"ООО ""Вест-Сервис""",пригород,,,минимум,,40,8
1717,377,bus,БК,"ООО ""Вест-Сервис""",пригород,,частник,,,60,8
1718,378,bus,СК,"ООО ""Вест-Сервис""",пригород,,,минимум,,40,8
1719,379,bus,БК,"ООО ""Вест-Сервис""",пригород,,частник,1 машина,,60,8
1720,380,bus,СК,"ООО ""Вест-Сервис""",пригород,,,минимум,,40,8
1858,381,bus,СК,"ООО ""Вест-Сервис""",пригород,,,минимум,,40,8
1722,382,bus,СК,"ООО ""Вест-Сервис""",пригород,,,минимум,,40,8
1723,383,bus,СК,"ООО ""Вест-Сервис""",пригород,,,минимум,,40,8
1725,384,bus,БК,"ООО ""Вест-Сервис""",пригород,,частник,,,60,8
4095,385,bus,СК,"ООО ""Вест-Сервис""",ГП,,,минимум,,40,8
1726,386,bus,БК,"ООО ""Вест-Сервис""",пригород,,частник,,,60,7
4215,388,bus,БК,"ООО ""Вест-Сервис""",ГП,Пушкин,частник,,,60,8
1729,389,bus,СК,"ООО ""Вест-Сервис""",пригород,,,минимум,,40,7
1730,390,bus,БК,"ООО ""Вест-Сервис""",пригород,,частник,,,60,7
1731,392,bus,БК,"ООО ""Вест-Сервис""",пригород,,частник,,,60,7
1732,394,bus,СК,"ООО ""Вест-Сервис""",пригород,,,минимум,,40,8
1733,396,bus,СК,"ООО ""Вест-Сервис""",пригород,,,минимум,,40,7
424,397,bus,БК,ПАТ,ГП,,,,,60,pat
327,398,bus,БК,ПАТ,пригород,кладб,,1 машина,,60,pat
7368,399,bus,БК,"АО ""Третий парк""",ГП,,частник,,,60,2
1835,404,bus,МК,"АО ""Третий парк""",пригород,,,минимум,,20,1
5381,406,bus,СК,"АО ""Третий парк""",пригород,,,минимум,,40,1
1836,408,bus,СК,"АО ""Третий парк""",пригород,,,минимум,,40,1
1844,410,bus,БК,"АО ""Третий парк""",пригород,,частник,,,60,1
1837,415,bus,МК,"АО ""Третий парк""",пригород,,,минимум,,20,1
1845,420,bus,СК,"АО ""Третий парк""",пригород,,,минимум,,40,1
1520,433,bus,БК,"АО ""Третий парк""",ГП,,частник,,,60,2
284,435,bus,СК,"АО ""Третий парк""",ГП,,,минимум,,40,2
1521,436,bus,СК,"АО ""Третий парк""",ГП,,,минимум,,40,2
1543,438,bus,СК,"ООО ""Вест-Сервис""",пригород,,,минимум,,40,7
1776,442,bus,СК,"ООО ""Домтрансавто""",пригород,,,минимум,,40,20
1781,443,bus,СК,"ООО ""Домтрансавто""",пригород,,,минимум,,40,20
6546,446,bus,СК,"ООО ""Домтрансавто""",пригород,,,минимум,,40,20
1772,454,bus,СК,"ООО ""Вест-Сервис""",пригород,,,минимум,,40,6
1777,458,bus,СК,"ООО ""Вест-Сервис""",пригород,,,минимум,,40,6
1783,461,bus,СК,"ООО ""Вест-Сервис""",пригород,,,минимум,,40,5
1784,462,bus,БК,"ООО ""Вест-Сервис""",пригород,,частник,1 машина,,60,5
1791,463,bus,СК,"ООО ""Вест-Сервис""",пригород,,,минимум,,40,5
242,469,bus,СК,"ООО ""Вест-Сервис""",ГП,,,минимум,,40,7
1420,475,bus,СК,"ООО ""Вест-Сервис""",ГП,,,минимум,,40,7
389,476,bus,БК,"ООО ""Вест-Сервис""",ГП,,частник,,,60,7
1768,477,bus,СК,"ООО ""Вест-Сервис""",пригород,,,минимум,,40,6
1563,481,bus,БК,"ООО ""Домтрансавто""",ГП,КрСело,частник,,,60,4
1346,482,bus,СК,"ООО ""Домтрансавто""",ГП,КрСело,,минимум,,40,4
1848,483,bus,СК,"АО ""Третий парк""",пригород,,,минимум,,40,1
1332,484,bus,СК,"ООО ""Домтрансавто""",ГП,КрСело,,минимум,,40,4
243,485,bus,СК,"ООО ""Вест-Сервис""",ГП,,,минимум,,40,7
1335,487,bus,БК,"ООО ""Вест-Сервис""",ГП,КрСело,частник,,,60,5
1805,489,bus,СК,"ООО ""Вест-Сервис""",пригород,,,минимум,,40,5
1748,493,bus,СК,"ООО ""Вест-Сервис""",пригород,,,минимум,,40,7
1850,494,bus,БК,"АО ""Третий парк""",пригород,,частник,1 машина,,60,1
1851,497,bus,СК,"АО ""Третий парк""",пригород,,,минимум,,40,2
1752,540,bus,СК,"ООО ""Вест-Сервис""",пригород,,,минимум,,40,7
1755,544,bus,СК,"ООО ""Вест-Сервис""",пригород,,,минимум,,40,7
1760,545,bus,СК,"ООО ""Вест-Сервис""",пригород,,,минимум,,40,8
1769,547,bus,СК,"ООО ""Вест-Сервис""",пригород,,,минимум,,40,6
1839,552,bus,МК,"АО ""Третий парк""",пригород,,,минимум,,20,1
1284,555,bus,СК,"АО ""Третий парк""",ГП,,,минимум,,40,2
1502,567,bus,СК,"АО ""Третий парк""",ГП,,,минимум,,40,2
1551,682,bus,СК,"ООО ""Вест-Сервис""",пригород,,,минимум,,40,5
1552,683,bus,СК,"ООО ""Вест-Сервис""",пригород,,,минимум,,40,5
1554,684,bus,СК,"ООО ""Вест-Сервис""",пригород,,,минимум,,40,5
1557,686,bus,СК,"ООО ""Вест-Сервис""",пригород,,,минимум,,40,5
8690,101Э,bus,БК,"АО ""Третий парк""",ГП,Кронштадт,частник,,,60,1
1764,109А,bus,БК,"АО ""Третий парк""",ГП,доп,частник,,,60,2
3750,109Б,bus,БК,"АО ""Третий парк""",ГП,,частник,1 машина,,60,2
1342,115А,bus,БК,ПАТ,ГП,,КАП,,,60,pat
8409,127М,bus,ОБК,ПАТ,город,доп,максимум,,,90,pat
1782,129А,bus,БК,"ООО ""Вест-Сервис""",пригород,,частник,1 машина,,60,5
2152,134А,bus,БК,"АО ""Третий парк""",город,,частник,,,60,3
2172,134Б,bus,БК,"АО ""Третий парк""",город,,частник,,,60,3
8629,136М,bus,БК,ПАТ,город,,,,,60,pat_temp
1274,13А,bus,БК,ПАТ,город,доп,,,,60,pat
4836,145Б,bus,БК,"ООО ""Вест-Сервис""",ГП,КрСело,частник,,,60,5
8689,145Э,bus,ОБК/БК,ПАТ,ГП,КрСело,,,,80,pat
1775,149А,bus,СК,"ООО ""Домтрансавто""",пригород,,,минимум,,40,20
2293,154А,bus,БК,"АО ""Третий парк""",город,,частник,,,60,3
6042,169А,bus,СК,ПАТ,город,,,минимум,,40,pat
7374,180А,bus,СК,"АО ""Третий парк""",город,,,минимум,,40,2
4696,187А,bus,БК,ПАТ,ГП,мега,КАП,,,60,pat
8569,197А,bus,БК,ПАТ,ГП,пром,КАП,1 машина,,60,pat
1660,1КР,bus,БК,"АО ""Третий парк""",пригород,,частник,1 машина,,60,1
1661,1Л,bus,СК,"ООО ""Вест-Сервис""",пригород,,,минимум,,40,5
8709,204Э,bus,СК,"ООО ""Вест-Сервис""",ГП,Петергоф,,минимум,,40,5
8829,20А,trolley,ТУАХ,ГЭТ,город,,нет ТУАХ ОБК,,,60,get_temp
7111,211Э,bus,БК,"АО ""Третий парк""",ГП,Сестрорецк,частник,,,60,1
6406,214А,bus,СК,"ООО ""Такси""",город,,,минимум,,40,16
7370,214Б,bus,СК,"ООО ""Такси""",город,,,минимум,,40,16
7069,216А,bus,БК,"АО ""Третий парк""",ГП,Сестрорецк,частник,,,60,1
4355,22А,trolley,БК,ГЭТ,город,,,,,60,get_temp
8429,255А,bus,БК,"ООО ""Вест-Сервис""",город,,частник,,,60,7
8430,255Б,bus,БК,"ООО ""Вест-Сервис""",город,,частник,,,60,7
2273,2А,bus,БК,"ООО ""Вест-Сервис""",город,,частник,,,60,5
1662,2КР,bus,БК,"АО ""Третий парк""",пригород,,частник,1 машина,,60,1
4837,2Л,bus,БК,"АО ""Третий парк""",пригород,доп,частник,,,60,1
1542,335А,bus,СК,"ООО ""Вест-Сервис""",пригород,,габарит,минимум,,40,7
1762,337А,bus,БК,"ООО ""Вест-Сервис""",пригород,,частник,,,60,7
8710,343Э,bus,СК,"ООО ""Вест-Сервис""",ГП,Петергоф,масса,минимум,,40,5
3917,351А,bus,СК,"ООО ""Вест-Сервис""",пригород,,,минимум,,40,5
3918,351Б,bus,СК,"ООО ""Вест-Сервис""",пригород,,,минимум,,40,5
4896,356Ш,bus,БК,ПАТ,пригород,школьный,,,,60,pat
3791,375А,bus,БК,ПАТ,пригород,,,,,60,pat
1735,396А,bus,СК,"ООО ""Вест-Сервис""",ГП,Колпино,,минимум,,40,7
4162,39Э,bus,ОБК,ПАТ,город,,максимум,,,90,pat
1665,3АЛ,bus,СК,"ООО ""Вест-Сервис""",пригород,доп,,минимум,,40,5
1663,3КР,bus,БК,"АО ""Третий парк""",пригород,,частник,,,60,1
1664,3Л,bus,СК,"ООО ""Вест-Сервис""",пригород,,,минимум,,40,5
2012,415А,bus,МК,"АО ""Третий парк""",пригород,,,минимум,,20,1
1838,415Ш,bus,БК,"АО ""Третий парк""",пригород,школьный,частник,1 машина,,60,1
1846,420А,bus,СК,"АО ""Третий парк""",пригород,,,минимум,,40,1
1847,420Б,bus,СК,"АО ""Третий парк""",пригород,,,минимум,,40,1
1544,438З,bus,СК,"ООО ""Вест-Сервис""",пригород,,,минимум,,40,7
1778,442А,bus,СК,"ООО ""Домтрансавто""",пригород,,,минимум,,40,20
1779,458А,bus,СК,"ООО ""Домтрансавто""",пригород,,,минимум,,40,20
1780,458Б,bus,СК,"ООО ""Домтрансавто""",пригород,,,минимум,,40,20
1792,463А,bus,СК,"ООО ""Вест-Сервис""",пригород,,,минимум,,40,5
2615,475А,bus,СК,"ООО ""Вест-Сервис""",пригород,,,минимум,,40,7
1348,482В,bus,СК,"ООО ""Домтрансавто""",ГП,КрСело,,минимум,,40,4
1849,483А,bus,СК,"АО ""Третий парк""",пригород,,,минимум,,40,1
1666,4Л,bus,СК,"ООО ""Вест-Сервис""",пригород,,масса,минимум,,40,5
1840,552А,bus,МК,"АО ""Третий парк""",пригород,,,минимум,,20,1
1903,55А,tram,ОБК,ГЭТ,город,,максимум,,,140,get_temp
1553,683А,bus,СК,"ООО ""Вест-Сервис""",пригород,,,минимум,,40,5
1556,685А,bus,СК,"ООО ""Вест-Сервис""",пригород,,,минимум,,40,5
3341,68А,bus,СК,"ООО ""Вест-Сервис""",город,,,минимум,,40,6
1668,7Л,bus,СК,"ООО ""Вест-Сервис""",пригород,,,минимум,,40,5
1125,А,tram,ЛМ/ЛВС,ГЭТ,город,доп,,,есть,110,get_tm
7726,А.,tram,ЛМ/ЛВС,ГЭТ,город,доп,,,есть,110,get_tm
7546,Т1,tram,ЛМ,ГЭТ,город,турист,,минимум,,90,get_tm
1098,42,trolley,ТУАХ,ГЭТ,город,,нет ТУАХ ОБК,,,60,get_tb
1766,110,bus,БК,"АО ""Третий парк""",ГП,,частник,,,60,2
9109,315,bus,БК,"АО ""Третий парк""",пригород,,частник,,,60,1
6223,12,trolley,ТУАХ,ГЭТ,город,,нет ТУАХ ОБК,,,60,get_tb
2395,469А,bus,СК,"ООО ""Вест-Сервис""",ГП,,,минимум,,40,7
9129,268,bus,unknown,,,,,,,,
9010,32,bus,unknown,,,,,,,,
9029,323,bus,unknown,,,,,,,,
8769,82Э,bus,ОБК,ПАТ,город,,максимум,,,90,pat
